{
  "ABIRoot": {
    "kind": "Root",
    "name": "TopLevel",
    "printedName": "TopLevel",
    "children": [
      {
        "kind": "Import",
        "name": "Foundation",
        "printedName": "Foundation",
        "declKind": "Import",
        "moduleName": "iso18013sdk",
        "declAttributes": [
          "RawDocComment"
        ]
      },
      {
        "kind": "TypeDecl",
        "name": "SimpleAlgorithms",
        "printedName": "SimpleAlgorithms",
        "children": [
          {
            "kind": "Function",
            "name": "fibonacci",
            "printedName": "fibonacci(_:)",
            "children": [
              {
                "kind": "TypeNominal",
                "name": "Int",
                "printedName": "Swift.Int",
                "usr": "s:Si"
              },
              {
                "kind": "TypeNominal",
                "name": "Int",
                "printedName": "Swift.Int",
                "usr": "s:Si"
              }
            ],
            "declKind": "Func",
            "usr": "s:11iso18013sdk16SimpleAlgorithmsC9fibonacciyS2iF",
            "mangledName": "$s11iso18013sdk16SimpleAlgorithmsC9fibonacciyS2iF",
            "moduleName": "iso18013sdk",
            "declAttributes": [
              "AccessControl"
            ],
            "funcSelfKind": "NonMutating"
          },
          {
            "kind": "Function",
            "name": "factorial",
            "printedName": "factorial(n:)",
            "children": [
              {
                "kind": "TypeNominal",
                "name": "Int",
                "printedName": "Swift.Int",
                "usr": "s:Si"
              },
              {
                "kind": "TypeNominal",
                "name": "Int",
                "printedName": "Swift.Int",
                "usr": "s:Si"
              }
            ],
            "declKind": "Func",
            "usr": "s:11iso18013sdk16SimpleAlgorithmsC9factorial1nS2i_tF",
            "mangledName": "$s11iso18013sdk16SimpleAlgorithmsC9factorial1nS2i_tF",
            "moduleName": "iso18013sdk",
            "declAttributes": [
              "AccessControl"
            ],
            "funcSelfKind": "NonMutating"
          }
        ],
        "declKind": "Class",
        "usr": "s:11iso18013sdk16SimpleAlgorithmsC",
        "mangledName": "$s11iso18013sdk16SimpleAlgorithmsC",
        "moduleName": "iso18013sdk",
        "declAttributes": [
          "AccessControl"
        ],
        "hasMissingDesignatedInitializers": true
      }
    ],
    "json_format_version": 8
  },
  "ConstValues": [
    {
      "filePath": "\/Users\/rpacheco\/Documents\/Cosmocolor\/netcore\/ios\/iso18013sdk\/iso18013sdk\/Ejemplo.swift",
      "kind": "IntegerLiteral",
      "offset": 272,
      "length": 1,
      "value": "1"
    },
    {
      "filePath": "\/Users\/rpacheco\/Documents\/Cosmocolor\/netcore\/ios\/iso18013sdk\/iso18013sdk\/Ejemplo.swift",
      "kind": "IntegerLiteral",
      "offset": 290,
      "length": 1,
      "value": "1"
    },
    {
      "filePath": "\/Users\/rpacheco\/Documents\/Cosmocolor\/netcore\/ios\/iso18013sdk\/iso18013sdk\/Ejemplo.swift",
      "kind": "IntegerLiteral",
      "offset": 310,
      "length": 1,
      "value": "1"
    },
    {
      "filePath": "\/Users\/rpacheco\/Documents\/Cosmocolor\/netcore\/ios\/iso18013sdk\/iso18013sdk\/Ejemplo.swift",
      "kind": "IntegerLiteral",
      "offset": 340,
      "length": 1,
      "value": "2"
    },
    {
      "filePath": "\/Users\/rpacheco\/Documents\/Cosmocolor\/netcore\/ios\/iso18013sdk\/iso18013sdk\/Ejemplo.swift",
      "kind": "IntegerLiteral",
      "offset": 492,
      "length": 1,
      "value": "1"
    },
    {
      "filePath": "\/Users\/rpacheco\/Documents\/Cosmocolor\/netcore\/ios\/iso18013sdk\/iso18013sdk\/Ejemplo.swift",
      "kind": "IntegerLiteral",
      "offset": 509,
      "length": 1,
      "value": "0"
    },
    {
      "filePath": "\/Users\/rpacheco\/Documents\/Cosmocolor\/netcore\/ios\/iso18013sdk\/iso18013sdk\/Ejemplo.swift",
      "kind": "IntegerLiteral",
      "offset": 526,
      "length": 1,
      "value": "1"
    }
  ]
}